﻿<?xml version="1.0" encoding="utf-8"?><!--Xml-fil för att hantera orders--><Orders><Order><OrderNumber>17890</OrderNumber><OrderLineNumber>0001</OrderLineNumber><ProductNumber>123451324A</ProductNumber><Quantity>1</Quantity><Name>X-Wing Starfighter</Name><Description>Super awesome starfighter</Description><Price>99.99</Price><ProductGroup>Star Wars</ProductGroup><OrderDate>2014-01-25</OrderDate><CustomerName>Daniel Johansson</CustomerName><CustomerNumber>737268</CustomerNumber></Order><Order><OrderNumber>17890</OrderNumber><OrderLineNumber>0002</OrderLineNumber><ProductNumber>4000-AAA</ProductNumber><Quantity>2</Quantity><Name>3x2 Red piece</Name><Description /><Price>0.15</Price><ProductGroup>Normal</ProductGroup><OrderDate>2014-01-25</OrderDate><CustomerName>Daniel Johansson</CustomerName><CustomerNumber>737268</CustomerNumber></Order><Order><OrderNumber>17890</OrderNumber><OrderLineNumber>0003</OrderLineNumber><ProductNumber>4000-BAA</ProductNumber><Quantity>2</Quantity><Name>3x2 Blue piece</Name><Description /><Price>0.15</Price><ProductGroup>Normal</ProductGroup><OrderDate>2014-01-25</OrderDate><CustomerName>Daniel Johansson</CustomerName><CustomerNumber>737268</CustomerNumber></Order><Order><OrderNumber>17890</OrderNumber><OrderLineNumber>0004</OrderLineNumber><ProductNumber>4000-CAA</ProductNumber><Quantity>8</Quantity><Name>2x2 Red piece</Name><Description /><Price>0.10</Price><ProductGroup>Normal</ProductGroup><OrderDate>2014-01-25</OrderDate><CustomerName>Daniel Johansson</CustomerName><CustomerNumber>737268</CustomerNumber></Order><Order><OrderNumber>17835</OrderNumber><OrderLineNumber>0001</OrderLineNumber><ProductNumber>123-100</ProductNumber><Quantity>75</Quantity><Name>Little Guys</Name><Description>Small Guys</Description><Price>0.99</Price><ProductGroup>Normal</ProductGroup><OrderDate>2014-07-05</OrderDate><CustomerName>Kalle Svensson</CustomerName><CustomerNumber>265849</CustomerNumber></Order><Order><OrderNumber>17835</OrderNumber><OrderLineNumber>0002</OrderLineNumber><ProductNumber>5000-AAA</ProductNumber><Quantity>1</Quantity><Name>1x1 Red Piece</Name><Description /><Price>0.05</Price><ProductGroup>Normal</ProductGroup><OrderDate>2014-07-05</OrderDate><CustomerName>Kalle Svensson</CustomerName><CustomerNumber>265849</CustomerNumber></Order><Order><OrderNumber>17835</OrderNumber><OrderLineNumber>0003</OrderLineNumber><ProductNumber>5000-AAB</ProductNumber><Quantity>1</Quantity><Name>1x1 Blue Piece</Name><Description /><Price>0.05</Price><ProductGroup>Normal</ProductGroup><OrderDate>2014-07-05</OrderDate><CustomerName>Kalle Svensson</CustomerName><CustomerNumber>265849</CustomerNumber></Order><Order><OrderNumber>17835</OrderNumber><OrderLineNumber>0004</OrderLineNumber><ProductNumber>5000-AAC</ProductNumber><Quantity>1</Quantity><Name>1x1 Yellow Piece</Name><Description /><Price>0.05</Price><ProductGroup>Normal</ProductGroup><OrderDate>2014-07-05</OrderDate><CustomerName>Kalle Svensson</CustomerName><CustomerNumber>265849</CustomerNumber></Order><Order><OrderNumber>17835</OrderNumber><OrderLineNumber>0005</OrderLineNumber><ProductNumber>5000-AAD</ProductNumber><Quantity>1</Quantity><Name>1x1 Green Piece</Name><Description /><Price>0.05</Price><ProductGroup>Normal</ProductGroup><OrderDate>2014-07-05</OrderDate><CustomerName>Kalle Svensson</CustomerName><CustomerNumber>265849</CustomerNumber></Order><Order><OrderNumber>17642</OrderNumber><OrderLineNumber>0001</OrderLineNumber><ProductNumber>2000-19</ProductNumber><Quantity>1</Quantity><Name>Small house</Name><Description>A normal small house</Description><Price>5.99</Price><ProductGroup>Normal</ProductGroup><OrderDate>2013-05-10</OrderDate><CustomerName>Per Andersson</CustomerName><CustomerNumber>658254</CustomerNumber></Order><Order><OrderNumber>17642</OrderNumber><OrderLineNumber>0002</OrderLineNumber><ProductNumber>1000-1</ProductNumber><Quantity>2</Quantity><Name>Green trees</Name><Description>Green pine trees</Description><Price>1.99</Price><ProductGroup>Forest</ProductGroup><OrderDate>2013-05-10</OrderDate><CustomerName>Per Andersson</CustomerName><CustomerNumber>658254</CustomerNumber></Order><Order><OrderNumber>17642</OrderNumber><OrderLineNumber>0003</OrderLineNumber><ProductNumber>1000-2</ProductNumber><Quantity>5</Quantity><Name>Green trees (Big)</Name><Description>Big green pine trees</Description><Price>2.99</Price><ProductGroup>Forest</ProductGroup><OrderDate>2013-05-10</OrderDate><CustomerName>Per Andersson</CustomerName><CustomerNumber>658254</CustomerNumber></Order><Order><OrderNumber>17642</OrderNumber><OrderLineNumber>0004</OrderLineNumber><ProductNumber>A145</ProductNumber><Quantity>5</Quantity><Name>Fish</Name><Description>Small fish</Description><Price>0.50</Price><ProductGroup>Sea</ProductGroup><OrderDate>2013-05-10</OrderDate><CustomerName>Per Andersson</CustomerName><CustomerNumber>658254</CustomerNumber></Order><Order><OrderNumber>17642</OrderNumber><OrderLineNumber>0005</OrderLineNumber><ProductNumber>A167</ProductNumber><Quantity>3</Quantity><Name>Road</Name><Description>Road piece</Description><Price>0.99</Price><ProductGroup>Normal</ProductGroup><OrderDate>2013-05-10</OrderDate><CustomerName>Per Andersson</CustomerName><CustomerNumber>658254</CustomerNumber></Order></Orders>